# abbreviations:
* BERK  - U. Berkeley
* BORD  - Bordeaux
* GREN  - Grenoble
* KWARC - FAU/Jacobs
* LL    - LogiLab
* OBS   - l’Observatoire de Paris (LUTH)
* OXF   - Oxford
* PSUD  - U. Paris-Sud
* SHEF  - Sheffield/Leeds
* SILES - U. Silesia
* SIM   - Simula
* SMC   - SageMath Inc.
* UOS   - University of Southampton
* STAND - St. Andrews
* UGENT - Ghent
* UKL   - U Kaiserslautern
* UVS   - U. Versallies
* WARW  - Warwick
* XFEL  - European XFEL
* MONTP - Montpellier (lirmm)



Adrien Boussicault adrien.boussicault@labri.fr - BORD
Alex Best alexjbest@gmail.com - UKL
Alexander Konovalov alexander.konovalov@st-andrews.ac.uk @alex-konovalov STAND
Alexander Kruppa alexander.kruppa@inria.fr -  UKL
Alexis Breust alexis.breust@univ-grenoble-alpes.fr - GREN
Anders Nedergaard Jensen jensen@imf.au.dk - UKL
Benjamin Ragan-Kelley benjaminrk@gmail.com - SIM
Benoît Pilorget benoit.pilorget@lri.fr - PSUD
Bill Allombert Bill.Allombert@math.u-bordeaux.fr -  BORD
Bruno Grenet bruno.grenet@lirmm.fr - MONTP
Chris Brady c.s.brady@warwick.ac.uk - WARW
Christian Maeder - @cmaeder KWARC
Clément Pernet clement.pernet@imag.fr @ClementPernet GREN
Daniel Schultz - schultz@mathematik.uni-kl.de - UKL
David Douard david.douard@logilab.fr - LL
Denis Laxalde denis.laxalde@logilab.fr - LL
Dennis Müller dennis.mueller@kwarc.info - KWARC
Dmitrii V. Pasechnik dmitrii.pasechnik@cs.ox.ac.uk @dimpase OXF
Edith Elkind eelkind@gmail.com - OXF
Eric Gourgoulhon eric.gourgoulhon@obspm.fr - OBS 
Erik M. Bray erik.m.bray@gmail.com @embray PSUD
Fernando Perez fernando.perez@berkeley.edu - BERK
Florent Cayré florent.cayre@logilab.fr - LL
Florent Hivert florent.hivert@lri.fr - PSUD
Florian Rabe f.rabe@jacobs-university.de - KWARC
Frank Bessou frank.bessou@logilab.fr - LL
Guy Brown g.j.brown@sheffield.ac.uk - SHEF
Hans Fangohr hans.fangohr@xfel.eu - XFEL
Hans Petter Langtangen hpl@simula.no - SIM
Harald Schilly harald.schilly@gmail.com - SMC 
Heather Ratcliffe h.ratcliffe@warwick.ac.uk - WARW
Hongguang Zhu hongguang.zhu@univ-grenoble-alpes.fr - GREN
Izabela Faguet - izabela.faguet@u-psud.fr @IzabelaFaguet PSUD
Jan Aksamit jan.aksamit@us.edu.pl - SILES
Jean-Guillaume Dumas jean-guillaume.dumas@imag.fr - GREN
Jeroen Demeyer jdemeyer@cage.ugent.be - UGENT
Jérôme Benoit calculus@rezozer.net - LL
Jerzy Łuczka jerzy.luczka@us.edu.pl - SILES
John Cremona j.e.cremona@warwick.ac.uk - WARW
Julian Rüth julian.rueth@fsfe.org - LL
Julien Cristau julien.cristau@logilab.fr - LL
Juliette Belin juliette.belin@logilab.fr - LL
Karim Belabas karim.belabas@math.u-bordeaux1.fr - BORD
Katja Berčič katja.bercic@fau.de - KWARC
Loïc Gouarin loic.gouarin@math.u-psud.fr - PSUD
Luca De Feo luca.defeo@polytechnique.edu  - UVS
Marcin Kostur marcin.kostur@us.edu.pl - SILES
Marijan Beg marijan.beg@xfel.eu - XFEL
Markus Pfeiffer markus.pfeiffer@st-andrews.ac.uk @markuspf STAND
Martin Sandve Alnaes martin.alnes@gmail.com - SIM
Michael Kohlhase michael.kohlhase@fau.de @kohlhase KWARC
Michael Torpey mct25@st-andrews.ac.uk @mtorpey STAND
Mihnea Iancu m.iancu@jacobs-university.de - KWARC
Mike Croucher michael.p.croucher@googlemail.com @mikecroucher SHEF
Neil Lawrence - - SHEF
Nicolas Chauvat nicolas.chauvat@logilab.fr - LL
Nicolas Gama nicolas.gama@prism.uvsq.fr - UVS
Nicolas M. Thiéry nicolas.thiery@u-psud.fr @nthiery PSUD
Odile Bénassy odile.benassy@u-psud.fr - PSUD
Olivier Cayrol olivier.cayrol@logilab.fr - LL
Olivier Giorgis olivier.giorgis@logilab.fr - LL
Paul-Olivier Dehaye https://www.wikidata.org/wiki/Q59697025 - UZH
Pierrick Brunet - - GREN
Remi Imbach - imbach@mathematik.uni-kl.de - UKL
Ryan A. Pepper ryan.pepper@soton.ac.uk - UOS
Samuel Lelièvre samuel.lelievre@gmail.com  - PSUD
Sébastien Labbé labqc@gmail.com  - BORD
Serge Guelton serge.guelton@telecom-bretagne.eu @serge-sans-paille LL
Sergii Mamedov sergii.mamedov@xfel.eu - XFEL
Steve Linton steve.linton@st-andrews.ac.uk - STAND
Tania Allard t.allard@sheffield.ac.uk - SHEF
Theresa Pollinger - - KWARC
Thierry Monteil thierry.monteil@lirmm.fr - MONTP 
Thomas Kluyver thomas.kluyver@xfel.eu - XFEL
Tom Wiesing tom.wiesing@fau.de - KWARC
Ursula Martin ursula.martin@maths.ox.ac.uk - OXF
Vidar Tonaas Fauske vidar@simula.no - SIM
Vincent Delecroix vincent.delecroix@labri.fr @videlec BORD
Vincent Klein vincent.klein@u-bordeaux.fr @vinklein BORD
Viviane Pons viviane.pons@lri.fr @VivianePons PSUD
William Furnass wrfurnass1@sheffield.ac.uk - SHEFF
William Hart goodwillhart@googlemail.com @wbhart UKL
William Stein wstein@gmail.com - SMC 
Wolfram Decker decker@mathematik.uni-kl.de - UKL
Yann Voté yann.vote@logilab.fr - LL
